what,kind,bundleId,bundleVersion,description,time
<<<<<<< HEAD
activated,perspective,org.eclipse.jdt.ui,,"org.eclipse.jdt.ui.JavaPerspective",1429126387902
started,bundle,org.eclipse.osgi,3.5.0.v20090520,"org.eclipse.osgi",1429126387903
started,bundle,org.eclipse.equinox.simpleconfigurator,1.0.100.v20090520-1905,"org.eclipse.equinox.simpleconfigurator",1429126387905
started,bundle,com.ibm.icu,4.0.1.v20090415,"com.ibm.icu",1429126387905
started,bundle,org.eclipse.core.contenttype,3.4.0.v20090429-1800,"org.eclipse.core.contenttype",1429126387907
started,bundle,org.eclipse.core.databinding.observable,1.2.0.I20090604-2000,"org.eclipse.core.databinding.observable",1429126387908
started,bundle,org.eclipse.core.expressions,3.4.100.v20090429-1800,"org.eclipse.core.expressions",1429126387909
started,bundle,org.eclipse.core.filebuffers,3.5.0.v20090526-2000,"org.eclipse.core.filebuffers",1429126387909
started,bundle,org.eclipse.core.filesystem,1.2.0.v20090507,"org.eclipse.core.filesystem",1429126387912
started,bundle,org.eclipse.core.jobs,3.4.100.v20090429-1800,"org.eclipse.core.jobs",1429126387914
started,bundle,org.eclipse.core.net,1.2.0.I20090522-1010,"org.eclipse.core.net",1429126387914
started,bundle,org.eclipse.core.resources,3.5.0.v20090512,"org.eclipse.core.resources",1429126387916
started,bundle,org.eclipse.ecf,3.0.0.v20090604-1131,"org.eclipse.ecf",1429126387918
started,bundle,org.eclipse.ecf.filetransfer,3.0.0.v20090604-1131,"org.eclipse.ecf.filetransfer",1429126387919
started,bundle,org.eclipse.ecf.identity,3.0.0.v20090604-1131,"org.eclipse.ecf.identity",1429126387920
started,bundle,org.eclipse.ecf.provider.filetransfer,3.0.0.v20090604-1131,"org.eclipse.ecf.provider.filetransfer",1429126387922
started,bundle,org.eclipse.ecf.provider.filetransfer.httpclient,3.0.0.v20090604-1131,"org.eclipse.ecf.provider.filetransfer.httpclient",1429126387924
started,bundle,org.eclipse.emf.common,2.5.0.v200906151043,"org.eclipse.emf.common",1429126387924
started,bundle,org.eclipse.emf.ecore,2.5.0.v200906151043,"org.eclipse.emf.ecore",1429126387925
started,bundle,org.eclipse.emf.ecore.xmi,2.5.0.v200906151043,"org.eclipse.emf.ecore.xmi",1429126387926
started,bundle,org.eclipse.emf.validation,1.3.0.v200901271722,"org.eclipse.emf.validation",1429126387926
started,bundle,org.eclipse.equinox.app,1.2.0.v20090520-1800,"org.eclipse.equinox.app",1429126387927
started,bundle,org.eclipse.equinox.common,3.5.0.v20090520-1800,"org.eclipse.equinox.common",1429126387928
started,bundle,org.eclipse.equinox.ds,1.1.0.v20090601,"org.eclipse.equinox.ds",1429126387930
started,bundle,org.eclipse.equinox.frameworkadmin,1.0.100.v20090520-1905,"org.eclipse.equinox.frameworkadmin",1429126387931
started,bundle,org.eclipse.equinox.frameworkadmin.equinox,1.0.100.v20090520-1905,"org.eclipse.equinox.frameworkadmin.equinox",1429126387932
started,bundle,org.eclipse.equinox.p2.core,1.0.100.v20090520-1905,"org.eclipse.equinox.p2.core",1429126387933
started,bundle,org.eclipse.equinox.p2.director,1.0.100.v20090520-1905,"org.eclipse.equinox.p2.director",1429126387933
started,bundle,org.eclipse.equinox.p2.directorywatcher,1.0.100.v20090525,"org.eclipse.equinox.p2.directorywatcher",1429126387935
started,bundle,org.eclipse.equinox.p2.engine,1.0.100.v20090525,"org.eclipse.equinox.p2.engine",1429126387935
started,bundle,org.eclipse.equinox.p2.exemplarysetup,1.0.100.v20090520-1905,"org.eclipse.equinox.p2.exemplarysetup",1429126387936
started,bundle,org.eclipse.equinox.p2.garbagecollector,1.0.100.v20090520-1905,"org.eclipse.equinox.p2.garbagecollector",1429126387937
started,bundle,org.eclipse.equinox.p2.metadata.repository,1.0.100.v20090525,"org.eclipse.equinox.p2.metadata.repository",1429126387937
started,bundle,org.eclipse.equinox.p2.reconciler.dropins,1.0.100.v20090520-1905,"org.eclipse.equinox.p2.reconciler.dropins",1429126387939
started,bundle,org.eclipse.equinox.p2.repository,1.0.0.v20090601-1921,"org.eclipse.equinox.p2.repository",1429126387939
started,bundle,org.eclipse.equinox.p2.ui.sdk.scheduler,1.0.0.v20090520-1905,"org.eclipse.equinox.p2.ui.sdk.scheduler",1429126387940
started,bundle,org.eclipse.equinox.p2.updatechecker,1.1.0.v20090520-1905,"org.eclipse.equinox.p2.updatechecker",1429126387941
started,bundle,org.eclipse.equinox.preferences,3.2.300.v20090520-1800,"org.eclipse.equinox.preferences",1429126387941
started,bundle,org.eclipse.equinox.registry,3.4.100.v20090520-1800,"org.eclipse.equinox.registry",1429126387942
started,bundle,org.eclipse.equinox.security,1.0.100.v20090520-1800,"org.eclipse.equinox.security",1429126387944
started,bundle,org.eclipse.equinox.simpleconfigurator.manipulator,1.0.100.v20090520-1905,"org.eclipse.equinox.simpleconfigurator.manipulator",1429126387945
started,bundle,org.eclipse.equinox.util,1.0.100.v20090520-1800,"org.eclipse.equinox.util",1429126387946
started,bundle,org.eclipse.help,3.4.0.v20090526,"org.eclipse.help",1429126387947
started,bundle,org.eclipse.jdt.core,3.5.0.v_963,"org.eclipse.jdt.core",1429126387949
started,bundle,org.eclipse.jdt.core.manipulation,1.3.0.v20090603,"org.eclipse.jdt.core.manipulation",1429126387950
started,bundle,org.eclipse.jdt.ui,3.5.0.v20090604,"org.eclipse.jdt.ui",1429126387954
started,bundle,org.eclipse.jet.ui,1.0.0.v200906120900,"org.eclipse.jet.ui",1429126387955
started,bundle,org.eclipse.jface,3.5.0.I20090525-2000,"org.eclipse.jface",1429126387956
started,bundle,org.eclipse.jsch.core,1.1.100.I20090430-0408,"org.eclipse.jsch.core",1429126387957
started,bundle,org.eclipse.mylyn.commons.net,3.2.0.v20090617-0100-e3x,"org.eclipse.mylyn.commons.net",1429126387957
started,bundle,org.eclipse.pde.ui,3.5.0.v20090528,"org.eclipse.pde.ui",1429126387960
started,bundle,org.eclipse.search,3.5.0.v20090526-2000,"org.eclipse.search",1429126387961
started,bundle,org.eclipse.team.core,3.5.0.I20090527-0620,"org.eclipse.team.core",1429126387962
started,bundle,org.eclipse.team.cvs.core,3.3.200.I20090430-0408,"org.eclipse.team.cvs.core",1429126387963
started,bundle,org.eclipse.team.cvs.ui,3.3.200.I20090521-1750,"org.eclipse.team.cvs.ui",1429126387964
started,bundle,org.eclipse.team.ui,3.5.0.I20090430-0408,"org.eclipse.team.ui",1429126387965
started,bundle,org.eclipse.ui,3.5.0.I20090604-2000,"org.eclipse.ui",1429126387967
started,bundle,org.eclipse.ui.console,3.4.0.v20090513,"org.eclipse.ui.console",1429126387968
started,bundle,org.eclipse.ui.editors,3.5.0.v20090527-2000,"org.eclipse.ui.editors",1429126387969
started,bundle,org.eclipse.ui.forms,3.4.0.v20090526,"org.eclipse.ui.forms",1429126387971
started,bundle,org.eclipse.ui.ide,3.5.0.I20090525-2000,"org.eclipse.ui.ide",1429126387972
started,bundle,org.eclipse.ui.intro,3.3.0.v20090526,"org.eclipse.ui.intro",1429126387973
started,bundle,org.eclipse.ui.intro.universal,3.2.300.v20090526,"org.eclipse.ui.intro.universal",1429126387973
started,bundle,org.eclipse.ui.net,1.2.0.I20090430-0408,"org.eclipse.ui.net",1429126387974
started,bundle,org.eclipse.ui.views,3.4.0.I20090525-2000,"org.eclipse.ui.views",1429126387975
started,bundle,org.eclipse.ui.views.log,1.0.100.v20090527,"org.eclipse.ui.views.log",1429126387977
started,bundle,org.eclipse.ui.workbench,3.5.0.I20090603-2000,"org.eclipse.ui.workbench",1429126387977
started,bundle,org.eclipse.ui.workbench.texteditor,3.5.0.v20090603,"org.eclipse.ui.workbench.texteditor",1429126387979
started,bundle,org.eclipse.update.configurator,3.3.0.v20090312,"org.eclipse.update.configurator",1429126387980
started,bundle,org.eclipse.update.core,3.2.300.v20090525,"org.eclipse.update.core",1429126387982
started,bundle,org.eclipse.update.scheduler,3.2.200.v20081127,"org.eclipse.update.scheduler",1429126387982
started,bundle,org.eclipse.epp.usagedata.gathering,1.1.1.R201001291118,"org.eclipse.epp.usagedata.gathering",1429126387983
started,bundle,org.eclipse.epp.usagedata.recording,1.1.1.R201001291118,"org.eclipse.epp.usagedata.recording",1429126387984
started,bundle,org.eclipse.m2m.atl.adt.ui,3.0.2.v201001190421,"org.eclipse.m2m.atl.adt.ui",1429126387985
started,bundle,org.eclipse.mylyn.bugzilla.core,3.2.3.v20100217-0100-e3x,"org.eclipse.mylyn.bugzilla.core",1429126387986
started,bundle,org.eclipse.mylyn.bugzilla.ui,3.2.3.v20100217-0100-e3x,"org.eclipse.mylyn.bugzilla.ui",1429126387987
started,bundle,org.eclipse.mylyn.commons.ui,3.2.3.v20100217-0100-e3x,"org.eclipse.mylyn.commons.ui",1429126387988
started,bundle,org.eclipse.mylyn.context.core,3.2.3.v20100217-0100-e3x,"org.eclipse.mylyn.context.core",1429126387989
started,bundle,org.eclipse.mylyn.context.ui,3.2.3.v20100217-0100-e3x,"org.eclipse.mylyn.context.ui",1429126387991
started,bundle,org.eclipse.mylyn.monitor.ui,3.2.3.v20100217-0100-e3x,"org.eclipse.mylyn.monitor.ui",1429126387991
started,bundle,org.eclipse.mylyn.tasks.ui,3.2.3.v20100217-0100-e3x,"org.eclipse.mylyn.tasks.ui",1429126387993
started,bundle,org.eclipse.mylyn.team.ui,3.2.3.v20100217-0100-e3x,"org.eclipse.mylyn.team.ui",1429126387994
started,bundle,org.eclipse.uml2.diagram.common,0.9.0.v200906190654,"org.eclipse.uml2.diagram.common",1429126387995
started,bundle,org.eclipse.uml2.uml,3.0.1.v200908281330,"org.eclipse.uml2.uml",1429126387997
started,bundle,org.eclipse.xtend.typesystem.emf.ui,0.7.2.v200908120436,"org.eclipse.xtend.typesystem.emf.ui",1429126387998
started,bundle,org.eclipse.core.runtime,3.5.0.v20090525,"org.eclipse.core.runtime",1429126388000
started,bundle,org.eclipse.core.runtime.compatibility,3.2.0.v20090413,"org.eclipse.core.runtime.compatibility",1429126388001
started,bundle,org.eclipse.core.runtime.compatibility.auth,3.2.100.v20090413,"org.eclipse.core.runtime.compatibility.auth",1429126388002
os,sysinfo,,,"win32",1429126388006
arch,sysinfo,,,"x86",1429126388006
ws,sysinfo,,,"win32",1429126388006
locale,sysinfo,,,"es_ES",1429126388006
processors,sysinfo,,,"3",1429126388006
java.runtime.name,sysinfo,,,"Java(TM) SE Runtime Environment",1429126388006
java.runtime.version,sysinfo,,,"1.7.0_25-b17",1429126388006
java.specification.name,sysinfo,,,"Java Platform API Specification",1429126388006
java.specification.vendor,sysinfo,,,"Oracle Corporation",1429126388006
java.specification.version,sysinfo,,,"1.7",1429126388006
java.vendor,sysinfo,,,"Oracle Corporation",1429126388006
java.version,sysinfo,,,"1.7.0_25",1429126388006
java.vm.info,sysinfo,,,"mixed mode, sharing",1429126388006
java.vm.name,sysinfo,,,"Java HotSpot(TM) Client VM",1429126388006
java.vm.specification.name,sysinfo,,,"Java Virtual Machine Specification",1429126388006
java.vm.specification.vendor,sysinfo,,,"Oracle Corporation",1429126388006
java.vm.specification.version,sysinfo,,,"1.7",1429126388006
java.vm.vendor,sysinfo,,,"Oracle Corporation",1429126388006
java.vm.version,sysinfo,,,"23.25-b01",1429126388006
activated,view,org.eclipse.jdt.ui,3.5.0.v20090604,"org.eclipse.jdt.ui.PackageExplorer",1429126440743
activated,view,org.eclipse.jdt.ui,3.5.0.v20090604,"org.eclipse.jdt.ui.PackageExplorer",1429126440782
closed,view,org.eclipse.ui,3.5.0.I20090604-2000,"org.eclipse.ui.internal.introview",1429126440818
started,bundle,org.eclipse.debug.core,3.5.0.v20090526-1600,"org.eclipse.debug.core",1429126445087
started,bundle,org.eclipse.jdt.launching,3.5.0.v20090527,"org.eclipse.jdt.launching",1429126445090
deactivated,workbench,org.eclipse.ui.workbench,3.5.0.I20090603-2000,"",1429126446051
started,bundle,org.eclipse.pde.core,3.5.0.v20090602,"org.eclipse.pde.core",1429126464872
started,bundle,org.eclipse.ltk.core.refactoring,3.5.0.v20090513-2000,"org.eclipse.ltk.core.refactoring",1429126493965
started,bundle,org.eclipse.ltk.ui.refactoring,3.4.100.v20090604,"org.eclipse.ltk.ui.refactoring",1429126493970
started,bundle,org.eclipse.jdt.debug,3.5.0.v20090526,"org.eclipse.jdt.debug",1429126495266
started,bundle,org.eclipse.debug.ui,3.5.0.v20090603,"org.eclipse.debug.ui",1429126495464
started,bundle,org.eclipse.jdt.debug.ui,3.4.0.v20090527,"org.eclipse.jdt.debug.ui",1429126495691
activated,workbench,org.eclipse.ui.workbench,3.5.0.I20090603-2000,"",1429126510477
started,bundle,org.eclipse.gmf.xpand.migration,1.0.0.v20090608-0720,"org.eclipse.gmf.xpand.migration",1429126510565
started,bundle,org.eclipse.acceleo.ide.ui,0.8.1.v200909161003,"org.eclipse.acceleo.ide.ui",1429126511978
started,bundle,org.eclipse.gef,3.5.1.v20090910-2020,"org.eclipse.gef",1429126516054
started,bundle,org.eclipse.ui.views.properties.tabbed,3.5.0.I20090429-1800,"org.eclipse.ui.views.properties.tabbed",1429126516058
started,bundle,org.eclipse.gmf.runtime.diagram.core,1.3.0.v20100113-1121,"org.eclipse.gmf.runtime.diagram.core",1429126516061
started,bundle,org.eclipse.emf.transaction,1.3.0.v200902010221,"org.eclipse.emf.transaction",1429126516068
started,bundle,org.eclipse.gmf.runtime.diagram.ui,1.3.0.v20100209-2200,"org.eclipse.gmf.runtime.diagram.ui",1429126516075
started,bundle,org.eclipse.gmf.runtime.diagram.ui.resources.editor,1.3.0.v20100113-1121,"org.eclipse.gmf.runtime.diagram.ui.resources.editor",1429126516077
started,bundle,utn.frsf.cidisi.idemia,1.0.0,"utn.frsf.cidisi.idemia",1429126516084
started,bundle,org.eclipse.emf.edit,2.5.0.v200906151043,"org.eclipse.emf.edit",1429126516086
started,bundle,utn.frsf.cidisi.idemia.edit,1.0.0,"utn.frsf.cidisi.idemia.edit",1429126516091
started,bundle,utn.frsf.cidisi.idemia.diagram,1.0.0.201011251812,"utn.frsf.cidisi.idemia.diagram",1429126516162
started,bundle,org.eclipse.gmf.runtime.common.core,1.2.0.v20090403-1720,"org.eclipse.gmf.runtime.common.core",1429126516186
started,bundle,org.eclipse.gmf.runtime.common.ui,1.2.1.v20090729-2029,"org.eclipse.gmf.runtime.common.ui",1429126516189
started,bundle,org.eclipse.gmf.runtime.notation,1.2.0.v20091021-2333,"org.eclipse.gmf.runtime.notation",1429126516191
started,bundle,org.eclipse.gmf.runtime.gef.ui,1.2.0.v20090520-1343,"org.eclipse.gmf.runtime.gef.ui",1429126516208
started,bundle,org.eclipse.draw2d,3.5.2.v20091126-1908,"org.eclipse.draw2d",1429126516237
started,bundle,org.eclipse.gmf.runtime.common.ui.services.action,1.3.0.v20091021-2333,"org.eclipse.gmf.runtime.common.ui.services.action",1429126516276
started,bundle,org.eclipse.gmf.runtime.common.ui.services,1.3.0.v20091126-1420,"org.eclipse.gmf.runtime.common.ui.services",1429126516284
started,bundle,org.eclipse.gmf.runtime.diagram.ui.providers,1.3.0.v20091126-1420,"org.eclipse.gmf.runtime.diagram.ui.providers",1429126516333
started,bundle,org.eclipse.gmf.runtime.diagram.ui.actions,1.3.0.v20100209-2200,"org.eclipse.gmf.runtime.diagram.ui.actions",1429126516612
started,bundle,org.eclipse.gmf.runtime.common.ui.action,1.2.0.v20090403-1720,"org.eclipse.gmf.runtime.common.ui.action",1429126516626
started,bundle,org.eclipse.gmf.runtime.emf.core,1.2.2.v20091126-1420,"org.eclipse.gmf.runtime.emf.core",1429126516727
started,bundle,org.eclipse.gmf.runtime.diagram.ui.providers.ide,1.2.0.v20090403-1720,"org.eclipse.gmf.runtime.diagram.ui.providers.ide",1429126516858
started,bundle,org.eclipse.emf.ecoretools.filters,0.8.0.v200906221231,"org.eclipse.emf.ecoretools.filters",1429126516865
started,bundle,org.eclipse.gmf.runtime.common.ui.action.ide,1.2.0.v20090403-1720,"org.eclipse.gmf.runtime.common.ui.action.ide",1429126516876
started,bundle,org.eclipse.emf.workspace,1.3.0.v200902100422,"org.eclipse.emf.workspace",1429126516911
started,bundle,org.eclipse.emf.ecore.change,2.5.0.v200906151043,"org.eclipse.emf.ecore.change",1429126516953
started,bundle,org.eclipse.gmf.runtime.emf.commands.core,1.2.0.v20090403-1720,"org.eclipse.gmf.runtime.emf.commands.core",1429126517245
started,bundle,org.eclipse.gmf.runtime.emf.type.core,1.2.0.v20090403-1720,"org.eclipse.gmf.runtime.emf.type.core",1429126517342
started,bundle,org.eclipse.emf.common.ui,2.5.0.v200906151043,"org.eclipse.emf.common.ui",1429126517382
started,bundle,org.eclipse.emf.edit.ui,2.5.0.v200906151043,"org.eclipse.emf.edit.ui",1429126517383
started,bundle,org.eclipse.gmf.runtime.diagram.ui.render,1.3.0.v20091126-1420,"org.eclipse.gmf.runtime.diagram.ui.render",1429126517694
started,bundle,org.eclipse.gmf.runtime.draw2d.ui,1.3.0.v20100209-2200,"org.eclipse.gmf.runtime.draw2d.ui",1429126517711
started,bundle,org.eclipse.gmf.runtime.draw2d.ui.render,1.3.0.v20100113-1121,"org.eclipse.gmf.runtime.draw2d.ui.render",1429126517726
started,bundle,org.eclipse.emf.ecore.edit,2.5.0.v200906151043,"org.eclipse.emf.ecore.edit",1429126517850
started,bundle,org.eclipse.gmf.ecore.editor,2.1.0.v20090529-1925,"org.eclipse.gmf.ecore.editor",1429126517857
started,bundle,org.eclipse.emf.ecoretools.diagram,0.9.0.v200906221231,"org.eclipse.emf.ecoretools.diagram",1429126518135
started,bundle,org.eclipse.uml2.uml.edit,3.0.0.v200905041045,"org.eclipse.uml2.uml.edit",1429126518167
started,bundle,org.eclipse.uml2.common.edit,1.5.0.v200905041045,"org.eclipse.uml2.common.edit",1429126518203
started,bundle,org.eclipse.uml2.diagram.clazz,0.9.0.v200906190654,"org.eclipse.uml2.diagram.clazz",1429126518398
started,bundle,org.eclipse.uml2.diagram.component,0.9.0.v200906190654,"org.eclipse.uml2.diagram.component",1429126518424
started,bundle,org.eclipse.uml2.diagram.deploy,0.9.0.v200906190654,"org.eclipse.uml2.diagram.deploy",1429126518446
started,bundle,org.eclipse.uml2.diagram.profile,0.9.0.v200906190654,"org.eclipse.uml2.diagram.profile",1429126518466
started,bundle,org.eclipse.uml2.diagram.sequence,0.9.0.v200906190654,"org.eclipse.uml2.diagram.sequence",1429126518477
started,bundle,org.eclipse.uml2.diagram.usecase,0.9.0.v200906190654,"org.eclipse.uml2.diagram.usecase",1429126518488
started,bundle,org.pnml.tools.epnk,0.9.1.201101281458,"org.pnml.tools.epnk",1429126518522
started,bundle,org.pnml.tools.epnk.edit,0.9.0.201101281458,"org.pnml.tools.epnk.edit",1429126518525
started,bundle,org.pnml.tools.epnk.diagram,0.9.1.201101281458,"org.pnml.tools.epnk.diagram",1429126518527
started,bundle,org.eclipse.uml2.diagram.activity,0.9.0.v200906190654,"org.eclipse.uml2.diagram.activity",1429126518577
started,bundle,org.eclipse.uml2.diagram.csd,0.9.0.v200906190654,"org.eclipse.uml2.diagram.csd",1429126518608
started,bundle,org.eclipse.uml2.diagram.statemachine,0.9.0.v200906190654,"org.eclipse.uml2.diagram.statemachine",1429126518621
started,bundle,org.eclipse.gmf.runtime.emf.ui,1.2.0.v20090403-1720,"org.eclipse.gmf.runtime.emf.ui",1429126518650
started,bundle,org.eclipse.uml2.diagram.parser,0.9.0.v200906190654,"org.eclipse.uml2.diagram.parser",1429126518716
started,bundle,org.eclipse.ocl,1.3.0.v200905271400,"org.eclipse.ocl",1429126518738
started,bundle,org.eclipse.ocl.ecore,1.3.0.v200905271400,"org.eclipse.ocl.ecore",1429126518748
started,bundle,org.eclipse.gmf.runtime.notation.edit,1.2.0.v20091021-2333,"org.eclipse.gmf.runtime.notation.edit",1429126519398
opened,editor,utn.frsf.cidisi.idemia.diagram,1.0.0.201011251812,"utn.frsf.cidisi.idemia.diagram.part.IdemiaDiagramEditorID",1429126519763
started,bundle,org.eclipse.gmf.runtime.emf.type.ui,1.2.0.v20090403-1720,"org.eclipse.gmf.runtime.emf.type.ui",1429126519819
activated,editor,utn.frsf.cidisi.idemia.diagram,1.0.0.201011251812,"utn.frsf.cidisi.idemia.diagram.part.IdemiaDiagramEditorID",1429126519899
started,bundle,org.eclipse.emf.validation.ui,1.3.0.v200901271722,"org.eclipse.emf.validation.ui",1429126530992
executed,command,org.eclipse.ui,3.5.0.I20090604-2000,"org.eclipse.ui.file.save",1429126535201
deactivated,workbench,org.eclipse.ui.workbench,3.5.0.I20090603-2000,"",1429126536646
activated,workbench,org.eclipse.ui.workbench,3.5.0.I20090603-2000,"",1429126593825
executed,command,org.eclipse.ui,3.5.0.I20090604-2000,"org.eclipse.ui.edit.undo",1429126602892
executed,command,org.eclipse.ui,3.5.0.I20090604-2000,"org.eclipse.ui.edit.undo",1429126603665
deactivated,workbench,org.eclipse.ui.workbench,3.5.0.I20090603-2000,"",1429126610661
activated,workbench,org.eclipse.ui.workbench,3.5.0.I20090603-2000,"",1429126673977
executed,command,org.eclipse.ui,3.5.0.I20090604-2000,"org.eclipse.ui.file.save",1429126677178
activated,view,org.eclipse.jdt.ui,3.5.0.v20090604,"org.eclipse.jdt.ui.PackageExplorer",1429126681964
activated,editor,utn.frsf.cidisi.idemia.diagram,1.0.0.201011251812,"utn.frsf.cidisi.idemia.diagram.part.IdemiaDiagramEditorID",1429126683493
activated,view,org.eclipse.jdt.ui,3.5.0.v20090604,"org.eclipse.jdt.ui.PackageExplorer",1429126683654
closed,editor,utn.frsf.cidisi.idemia.diagram,1.0.0.201011251812,"utn.frsf.cidisi.idemia.diagram.part.IdemiaDiagramEditorID",1429126683655
started,bundle,org.eclipse.compare,3.5.0.I20090514-0808,"org.eclipse.compare",1429126686716
executed,command,org.eclipse.ui,3.5.0.I20090604-2000,"org.eclipse.ui.file.refresh",1429126691441
deactivated,workbench,org.eclipse.ui.workbench,3.5.0.I20090603-2000,"",1429126695075
activated,workbench,org.eclipse.ui.workbench,3.5.0.I20090603-2000,"",1429126892449
deactivated,workbench,org.eclipse.ui.workbench,3.5.0.I20090603-2000,"",1429126905170
activated,workbench,org.eclipse.ui.workbench,3.5.0.I20090603-2000,"",1429126910668
executed,command,org.eclipse.ui,3.5.0.I20090604-2000,"org.eclipse.ui.file.properties",1429126910682
=======
activated,perspective,org.eclipse.ui.ide.application,,"org.eclipse.ui.resourcePerspective",1429125887403
started,bundle,org.eclipse.osgi,3.5.0.v20090520,"org.eclipse.osgi",1429125887404
started,bundle,org.eclipse.equinox.simpleconfigurator,1.0.100.v20090520-1905,"org.eclipse.equinox.simpleconfigurator",1429125887405
started,bundle,com.ibm.icu,4.0.1.v20090415,"com.ibm.icu",1429125887406
started,bundle,org.eclipse.core.contenttype,3.4.0.v20090429-1800,"org.eclipse.core.contenttype",1429125887407
started,bundle,org.eclipse.core.databinding.observable,1.2.0.I20090604-2000,"org.eclipse.core.databinding.observable",1429125887408
started,bundle,org.eclipse.core.expressions,3.4.100.v20090429-1800,"org.eclipse.core.expressions",1429125887409
started,bundle,org.eclipse.core.filebuffers,3.5.0.v20090526-2000,"org.eclipse.core.filebuffers",1429125887409
started,bundle,org.eclipse.core.filesystem,1.2.0.v20090507,"org.eclipse.core.filesystem",1429125887411
started,bundle,org.eclipse.core.jobs,3.4.100.v20090429-1800,"org.eclipse.core.jobs",1429125887411
started,bundle,org.eclipse.core.net,1.2.0.I20090522-1010,"org.eclipse.core.net",1429125887412
started,bundle,org.eclipse.core.resources,3.5.0.v20090512,"org.eclipse.core.resources",1429125887414
started,bundle,org.eclipse.core.runtime,3.5.0.v20090525,"org.eclipse.core.runtime",1429125887415
started,bundle,org.eclipse.core.runtime.compatibility,3.2.0.v20090413,"org.eclipse.core.runtime.compatibility",1429125887416
started,bundle,org.eclipse.core.runtime.compatibility.auth,3.2.100.v20090413,"org.eclipse.core.runtime.compatibility.auth",1429125887417
started,bundle,org.eclipse.ecf,3.0.0.v20090604-1131,"org.eclipse.ecf",1429125887418
started,bundle,org.eclipse.ecf.filetransfer,3.0.0.v20090604-1131,"org.eclipse.ecf.filetransfer",1429125887419
started,bundle,org.eclipse.ecf.identity,3.0.0.v20090604-1131,"org.eclipse.ecf.identity",1429125887420
started,bundle,org.eclipse.ecf.provider.filetransfer,3.0.0.v20090604-1131,"org.eclipse.ecf.provider.filetransfer",1429125887421
started,bundle,org.eclipse.ecf.provider.filetransfer.httpclient,3.0.0.v20090604-1131,"org.eclipse.ecf.provider.filetransfer.httpclient",1429125887422
started,bundle,org.eclipse.emf.cdo,2.0.0.v200906160459,"org.eclipse.emf.cdo",1429125887422
started,bundle,org.eclipse.emf.cdo.common,2.0.0.v200906160459,"org.eclipse.emf.cdo.common",1429125887423
started,bundle,org.eclipse.emf.cdo.ui,2.0.0.v200906160459,"org.eclipse.emf.cdo.ui",1429125887440
started,bundle,org.eclipse.emf.common,2.5.0.v200906151043,"org.eclipse.emf.common",1429125887440
started,bundle,org.eclipse.emf.ecore,2.5.0.v200906151043,"org.eclipse.emf.ecore",1429125887440
started,bundle,org.eclipse.emf.ecore.xmi,2.5.0.v200906151043,"org.eclipse.emf.ecore.xmi",1429125887441
started,bundle,org.eclipse.emf.validation,1.3.0.v200901271722,"org.eclipse.emf.validation",1429125887441
started,bundle,org.eclipse.equinox.app,1.2.0.v20090520-1800,"org.eclipse.equinox.app",1429125887442
started,bundle,org.eclipse.equinox.common,3.5.0.v20090520-1800,"org.eclipse.equinox.common",1429125887442
started,bundle,org.eclipse.equinox.ds,1.1.0.v20090601,"org.eclipse.equinox.ds",1429125887443
started,bundle,org.eclipse.equinox.frameworkadmin,1.0.100.v20090520-1905,"org.eclipse.equinox.frameworkadmin",1429125887444
started,bundle,org.eclipse.equinox.frameworkadmin.equinox,1.0.100.v20090520-1905,"org.eclipse.equinox.frameworkadmin.equinox",1429125887445
started,bundle,org.eclipse.equinox.p2.core,1.0.100.v20090520-1905,"org.eclipse.equinox.p2.core",1429125887445
started,bundle,org.eclipse.equinox.p2.director,1.0.100.v20090520-1905,"org.eclipse.equinox.p2.director",1429125887446
started,bundle,org.eclipse.equinox.p2.directorywatcher,1.0.100.v20090525,"org.eclipse.equinox.p2.directorywatcher",1429125887447
started,bundle,org.eclipse.equinox.p2.engine,1.0.100.v20090525,"org.eclipse.equinox.p2.engine",1429125887447
started,bundle,org.eclipse.equinox.p2.exemplarysetup,1.0.100.v20090520-1905,"org.eclipse.equinox.p2.exemplarysetup",1429125887448
started,bundle,org.eclipse.equinox.p2.garbagecollector,1.0.100.v20090520-1905,"org.eclipse.equinox.p2.garbagecollector",1429125887448
started,bundle,org.eclipse.equinox.p2.metadata.repository,1.0.100.v20090525,"org.eclipse.equinox.p2.metadata.repository",1429125887449
started,bundle,org.eclipse.equinox.p2.reconciler.dropins,1.0.100.v20090520-1905,"org.eclipse.equinox.p2.reconciler.dropins",1429125887450
started,bundle,org.eclipse.equinox.p2.repository,1.0.0.v20090601-1921,"org.eclipse.equinox.p2.repository",1429125887450
started,bundle,org.eclipse.equinox.p2.ui.sdk.scheduler,1.0.0.v20090520-1905,"org.eclipse.equinox.p2.ui.sdk.scheduler",1429125887451
started,bundle,org.eclipse.equinox.p2.updatechecker,1.1.0.v20090520-1905,"org.eclipse.equinox.p2.updatechecker",1429125887451
started,bundle,org.eclipse.equinox.preferences,3.2.300.v20090520-1800,"org.eclipse.equinox.preferences",1429125887452
started,bundle,org.eclipse.equinox.registry,3.4.100.v20090520-1800,"org.eclipse.equinox.registry",1429125887453
started,bundle,org.eclipse.equinox.security,1.0.100.v20090520-1800,"org.eclipse.equinox.security",1429125887454
started,bundle,org.eclipse.equinox.simpleconfigurator.manipulator,1.0.100.v20090520-1905,"org.eclipse.equinox.simpleconfigurator.manipulator",1429125887455
started,bundle,org.eclipse.equinox.util,1.0.100.v20090520-1800,"org.eclipse.equinox.util",1429125887456
started,bundle,org.eclipse.help,3.4.0.v20090526,"org.eclipse.help",1429125887457
started,bundle,org.eclipse.jdt.core,3.5.0.v_963,"org.eclipse.jdt.core",1429125887458
started,bundle,org.eclipse.jdt.core.manipulation,1.3.0.v20090603,"org.eclipse.jdt.core.manipulation",1429125887459
started,bundle,org.eclipse.jdt.ui,3.5.0.v20090604,"org.eclipse.jdt.ui",1429125887461
started,bundle,org.eclipse.jface,3.5.0.I20090525-2000,"org.eclipse.jface",1429125887462
started,bundle,org.eclipse.jsch.core,1.1.100.I20090430-0408,"org.eclipse.jsch.core",1429125887462
started,bundle,org.eclipse.mylyn.commons.net,3.2.0.v20090617-0100-e3x,"org.eclipse.mylyn.commons.net",1429125887462
started,bundle,org.eclipse.net4j,2.0.0.v200906160348,"org.eclipse.net4j",1429125887462
started,bundle,org.eclipse.net4j.http.server,2.0.0.v200906160348,"org.eclipse.net4j.http.server",1429125887464
started,bundle,org.eclipse.net4j.tcp,2.0.0.v200906160348,"org.eclipse.net4j.tcp",1429125887465
started,bundle,org.eclipse.net4j.util,2.0.0.v200906160348,"org.eclipse.net4j.util",1429125887466
started,bundle,org.eclipse.net4j.util.ui,2.0.0.v200906160348,"org.eclipse.net4j.util.ui",1429125887467
started,bundle,org.eclipse.team.core,3.5.0.I20090527-0620,"org.eclipse.team.core",1429125887468
started,bundle,org.eclipse.team.cvs.core,3.3.200.I20090430-0408,"org.eclipse.team.cvs.core",1429125887468
started,bundle,org.eclipse.team.cvs.ui,3.3.200.I20090521-1750,"org.eclipse.team.cvs.ui",1429125887469
started,bundle,org.eclipse.team.ui,3.5.0.I20090430-0408,"org.eclipse.team.ui",1429125887470
started,bundle,org.eclipse.ui,3.5.0.I20090604-2000,"org.eclipse.ui",1429125887471
started,bundle,org.eclipse.ui.console,3.4.0.v20090513,"org.eclipse.ui.console",1429125887472
started,bundle,org.eclipse.ui.editors,3.5.0.v20090527-2000,"org.eclipse.ui.editors",1429125887473
started,bundle,org.eclipse.ui.forms,3.4.0.v20090526,"org.eclipse.ui.forms",1429125887474
started,bundle,org.eclipse.ui.ide,3.5.0.I20090525-2000,"org.eclipse.ui.ide",1429125887476
started,bundle,org.eclipse.ui.intro,3.3.0.v20090526,"org.eclipse.ui.intro",1429125887477
started,bundle,org.eclipse.ui.intro.universal,3.2.300.v20090526,"org.eclipse.ui.intro.universal",1429125887477
started,bundle,org.eclipse.ui.navigator,3.4.0.I20090525-2000,"org.eclipse.ui.navigator",1429125887478
started,bundle,org.eclipse.ui.navigator.resources,3.4.0.I20090525-2000,"org.eclipse.ui.navigator.resources",1429125887479
started,bundle,org.eclipse.ui.net,1.2.0.I20090430-0408,"org.eclipse.ui.net",1429125887480
started,bundle,org.eclipse.ui.views,3.4.0.I20090525-2000,"org.eclipse.ui.views",1429125887481
started,bundle,org.eclipse.ui.workbench,3.5.0.I20090603-2000,"org.eclipse.ui.workbench",1429125887482
started,bundle,org.eclipse.ui.workbench.texteditor,3.5.0.v20090603,"org.eclipse.ui.workbench.texteditor",1429125887483
started,bundle,org.eclipse.update.configurator,3.3.0.v20090312,"org.eclipse.update.configurator",1429125887484
started,bundle,org.eclipse.update.core,3.2.300.v20090525,"org.eclipse.update.core",1429125887485
started,bundle,org.eclipse.update.scheduler,3.2.200.v20081127,"org.eclipse.update.scheduler",1429125887486
started,bundle,org.eclipse.epp.usagedata.gathering,1.1.1.R201001291118,"org.eclipse.epp.usagedata.gathering",1429125887486
started,bundle,org.eclipse.epp.usagedata.recording,1.1.1.R201001291118,"org.eclipse.epp.usagedata.recording",1429125887487
started,bundle,org.eclipse.m2m.atl.adt.ui,3.0.2.v201001190421,"org.eclipse.m2m.atl.adt.ui",1429125887488
started,bundle,org.eclipse.mylyn.bugzilla.core,3.2.3.v20100217-0100-e3x,"org.eclipse.mylyn.bugzilla.core",1429125887489
started,bundle,org.eclipse.mylyn.bugzilla.ui,3.2.3.v20100217-0100-e3x,"org.eclipse.mylyn.bugzilla.ui",1429125887490
started,bundle,org.eclipse.mylyn.commons.ui,3.2.3.v20100217-0100-e3x,"org.eclipse.mylyn.commons.ui",1429125887491
started,bundle,org.eclipse.mylyn.context.core,3.2.3.v20100217-0100-e3x,"org.eclipse.mylyn.context.core",1429125887491
started,bundle,org.eclipse.mylyn.context.ui,3.2.3.v20100217-0100-e3x,"org.eclipse.mylyn.context.ui",1429125887492
started,bundle,org.eclipse.mylyn.monitor.ui,3.2.3.v20100217-0100-e3x,"org.eclipse.mylyn.monitor.ui",1429125887493
started,bundle,org.eclipse.mylyn.tasks.ui,3.2.3.v20100217-0100-e3x,"org.eclipse.mylyn.tasks.ui",1429125887494
started,bundle,org.eclipse.mylyn.team.ui,3.2.3.v20100217-0100-e3x,"org.eclipse.mylyn.team.ui",1429125887495
started,bundle,org.eclipse.uml2.diagram.common,0.9.0.v200906190654,"org.eclipse.uml2.diagram.common",1429125887496
started,bundle,org.eclipse.uml2.uml,3.0.1.v200908281330,"org.eclipse.uml2.uml",1429125887499
started,bundle,org.eclipse.xtend.typesystem.emf.ui,0.7.2.v200908120436,"org.eclipse.xtend.typesystem.emf.ui",1429125887499
os,sysinfo,,,"win32",1429125887502
arch,sysinfo,,,"x86",1429125887502
ws,sysinfo,,,"win32",1429125887502
locale,sysinfo,,,"es_AR",1429125887502
processors,sysinfo,,,"4",1429125887502
java.runtime.name,sysinfo,,,"Java(TM) SE Runtime Environment",1429125887502
java.runtime.version,sysinfo,,,"1.7.0_25-b17",1429125887502
java.specification.name,sysinfo,,,"Java Platform API Specification",1429125887502
java.specification.vendor,sysinfo,,,"Oracle Corporation",1429125887502
java.specification.version,sysinfo,,,"1.7",1429125887502
java.vendor,sysinfo,,,"Oracle Corporation",1429125887502
java.version,sysinfo,,,"1.7.0_25",1429125887502
java.vm.info,sysinfo,,,"mixed mode, sharing",1429125887502
java.vm.name,sysinfo,,,"Java HotSpot(TM) Client VM",1429125887502
java.vm.specification.name,sysinfo,,,"Java Virtual Machine Specification",1429125887502
java.vm.specification.vendor,sysinfo,,,"Oracle Corporation",1429125887502
java.vm.specification.version,sysinfo,,,"1.7",1429125887502
java.vm.vendor,sysinfo,,,"Oracle Corporation",1429125887502
java.vm.version,sysinfo,,,"23.25-b01",1429125887502
activated,view,org.eclipse.ui.navigator.resources,3.4.0.I20090525-2000,"org.eclipse.ui.navigator.ProjectExplorer",1429125891214
activated,view,org.eclipse.ui.navigator.resources,3.4.0.I20090525-2000,"org.eclipse.ui.navigator.ProjectExplorer",1429125891226
closed,view,org.eclipse.ui,3.5.0.I20090604-2000,"org.eclipse.ui.internal.introview",1429125891247
deactivated,workbench,org.eclipse.ui.workbench,3.5.0.I20090603-2000,"",1429125896841
started,bundle,org.eclipse.debug.core,3.5.0.v20090526-1600,"org.eclipse.debug.core",1429125898493
started,bundle,org.eclipse.jdt.launching,3.5.0.v20090527,"org.eclipse.jdt.launching",1429125898510
started,bundle,org.eclipse.pde.core,3.5.0.v20090602,"org.eclipse.pde.core",1429125933811
activated,workbench,org.eclipse.ui.workbench,3.5.0.I20090603-2000,"",1429125943290
started,bundle,org.eclipse.ui.views.log,1.0.100.v20090527,"org.eclipse.ui.views.log",1429125943499
started,bundle,org.eclipse.pde.ui,3.5.0.v20090528,"org.eclipse.pde.ui",1429125943502
started,bundle,org.eclipse.jet.ui,1.0.0.v200906120900,"org.eclipse.jet.ui",1429125943505
opened,view,org.eclipse.jdt.ui,3.5.0.v20090604,"org.eclipse.jdt.ui.PackageExplorer",1429125943538
opened,view,org.eclipse.ui.ide,3.5.0.I20090525-2000,"org.eclipse.ui.views.ProblemView",1429125943632
started,bundle,org.eclipse.search,3.5.0.v20090526-2000,"org.eclipse.search",1429125943718
opened,view,org.eclipse.mylyn.tasks.ui,3.2.3.v20100217-0100-e3x,"org.eclipse.mylyn.tasks.ui.views.tasks",1429125943840
activated,perspective,org.eclipse.jdt.ui,3.5.0.v20090604,"org.eclipse.jdt.ui.JavaPerspective",1429125943873
activated,view,org.eclipse.ui.views,3.4.0.I20090525-2000,"org.eclipse.ui.views.ContentOutline",1429125943885
started,bundle,org.eclipse.gmf.xpand.migration,1.0.0.v20090608-0720,"org.eclipse.gmf.xpand.migration",1429125948671
activated,view,org.eclipse.jdt.ui,3.5.0.v20090604,"org.eclipse.jdt.ui.PackageExplorer",1429125948677
started,bundle,org.eclipse.ltk.core.refactoring,3.5.0.v20090513-2000,"org.eclipse.ltk.core.refactoring",1429125952857
started,bundle,org.eclipse.gef,3.5.1.v20090910-2020,"org.eclipse.gef",1429125952955
started,bundle,org.eclipse.ui.views.properties.tabbed,3.5.0.I20090429-1800,"org.eclipse.ui.views.properties.tabbed",1429125952957
started,bundle,org.eclipse.gmf.runtime.diagram.core,1.3.0.v20100113-1121,"org.eclipse.gmf.runtime.diagram.core",1429125952959
started,bundle,org.eclipse.emf.transaction,1.3.0.v200902010221,"org.eclipse.emf.transaction",1429125952963
started,bundle,org.eclipse.gmf.runtime.diagram.ui,1.3.0.v20100209-2200,"org.eclipse.gmf.runtime.diagram.ui",1429125952968
started,bundle,org.eclipse.gmf.runtime.diagram.ui.resources.editor,1.3.0.v20100113-1121,"org.eclipse.gmf.runtime.diagram.ui.resources.editor",1429125952969
started,bundle,utn.frsf.cidisi.idemia,1.0.0,"utn.frsf.cidisi.idemia",1429125952974
started,bundle,org.eclipse.emf.edit,2.5.0.v200906151043,"org.eclipse.emf.edit",1429125952976
started,bundle,utn.frsf.cidisi.idemia.edit,1.0.0,"utn.frsf.cidisi.idemia.edit",1429125952977
started,bundle,utn.frsf.cidisi.idemia.diagram,1.0.0.201011251812,"utn.frsf.cidisi.idemia.diagram",1429125953003
started,bundle,org.eclipse.gmf.runtime.notation,1.2.0.v20091021-2333,"org.eclipse.gmf.runtime.notation",1429125953012
started,bundle,org.eclipse.gmf.runtime.common.core,1.2.0.v20090403-1720,"org.eclipse.gmf.runtime.common.core",1429125953018
started,bundle,org.eclipse.gmf.runtime.common.ui,1.2.1.v20090729-2029,"org.eclipse.gmf.runtime.common.ui",1429125953020
started,bundle,org.eclipse.gmf.runtime.gef.ui,1.2.0.v20090520-1343,"org.eclipse.gmf.runtime.gef.ui",1429125953024
started,bundle,org.eclipse.draw2d,3.5.2.v20091126-1908,"org.eclipse.draw2d",1429125953041
started,bundle,org.eclipse.gmf.runtime.common.ui.services.action,1.3.0.v20091021-2333,"org.eclipse.gmf.runtime.common.ui.services.action",1429125953055
started,bundle,org.eclipse.gmf.runtime.common.ui.services,1.3.0.v20091126-1420,"org.eclipse.gmf.runtime.common.ui.services",1429125953059
started,bundle,org.eclipse.gmf.runtime.diagram.ui.providers,1.3.0.v20091126-1420,"org.eclipse.gmf.runtime.diagram.ui.providers",1429125953090
started,bundle,org.eclipse.gmf.runtime.diagram.ui.actions,1.3.0.v20100209-2200,"org.eclipse.gmf.runtime.diagram.ui.actions",1429125953099
started,bundle,org.eclipse.gmf.runtime.common.ui.action,1.2.0.v20090403-1720,"org.eclipse.gmf.runtime.common.ui.action",1429125953105
started,bundle,org.eclipse.gmf.runtime.emf.core,1.2.2.v20091126-1420,"org.eclipse.gmf.runtime.emf.core",1429125953171
started,bundle,org.eclipse.gmf.runtime.diagram.ui.providers.ide,1.2.0.v20090403-1720,"org.eclipse.gmf.runtime.diagram.ui.providers.ide",1429125953383
started,bundle,org.eclipse.emf.ecoretools.filters,0.8.0.v200906221231,"org.eclipse.emf.ecoretools.filters",1429125953386
started,bundle,org.eclipse.gmf.runtime.common.ui.action.ide,1.2.0.v20090403-1720,"org.eclipse.gmf.runtime.common.ui.action.ide",1429125953391
started,bundle,org.eclipse.emf.workspace,1.3.0.v200902100422,"org.eclipse.emf.workspace",1429125953406
started,bundle,org.eclipse.emf.ecore.change,2.5.0.v200906151043,"org.eclipse.emf.ecore.change",1429125953435
started,bundle,org.eclipse.gmf.runtime.emf.commands.core,1.2.0.v20090403-1720,"org.eclipse.gmf.runtime.emf.commands.core",1429125953583
started,bundle,org.eclipse.gmf.runtime.emf.type.core,1.2.0.v20090403-1720,"org.eclipse.gmf.runtime.emf.type.core",1429125953649
started,bundle,org.eclipse.emf.common.ui,2.5.0.v200906151043,"org.eclipse.emf.common.ui",1429125953681
started,bundle,org.eclipse.emf.edit.ui,2.5.0.v200906151043,"org.eclipse.emf.edit.ui",1429125953681
started,bundle,org.eclipse.gmf.runtime.diagram.ui.render,1.3.0.v20091126-1420,"org.eclipse.gmf.runtime.diagram.ui.render",1429125953892
started,bundle,org.eclipse.gmf.runtime.draw2d.ui,1.3.0.v20100209-2200,"org.eclipse.gmf.runtime.draw2d.ui",1429125953897
started,bundle,org.eclipse.gmf.runtime.draw2d.ui.render,1.3.0.v20100113-1121,"org.eclipse.gmf.runtime.draw2d.ui.render",1429125953904
started,bundle,org.eclipse.emf.ecore.edit,2.5.0.v200906151043,"org.eclipse.emf.ecore.edit",1429125953991
started,bundle,org.eclipse.gmf.ecore.editor,2.1.0.v20090529-1925,"org.eclipse.gmf.ecore.editor",1429125953996
started,bundle,org.eclipse.emf.ecoretools.diagram,0.9.0.v200906221231,"org.eclipse.emf.ecoretools.diagram",1429125954002
started,bundle,org.eclipse.uml2.uml.edit,3.0.0.v200905041045,"org.eclipse.uml2.uml.edit",1429125954018
started,bundle,org.eclipse.uml2.common.edit,1.5.0.v200905041045,"org.eclipse.uml2.common.edit",1429125954032
started,bundle,org.eclipse.uml2.diagram.clazz,0.9.0.v200906190654,"org.eclipse.uml2.diagram.clazz",1429125954301
started,bundle,org.eclipse.uml2.diagram.component,0.9.0.v200906190654,"org.eclipse.uml2.diagram.component",1429125954363
started,bundle,org.eclipse.uml2.diagram.deploy,0.9.0.v200906190654,"org.eclipse.uml2.diagram.deploy",1429125954370
started,bundle,org.eclipse.uml2.diagram.profile,0.9.0.v200906190654,"org.eclipse.uml2.diagram.profile",1429125954378
started,bundle,org.eclipse.uml2.diagram.sequence,0.9.0.v200906190654,"org.eclipse.uml2.diagram.sequence",1429125954420
started,bundle,org.eclipse.uml2.diagram.usecase,0.9.0.v200906190654,"org.eclipse.uml2.diagram.usecase",1429125954427
started,bundle,org.pnml.tools.epnk,0.9.1.201101281458,"org.pnml.tools.epnk",1429125954448
started,bundle,org.pnml.tools.epnk.edit,0.9.0.201101281458,"org.pnml.tools.epnk.edit",1429125954449
started,bundle,org.pnml.tools.epnk.diagram,0.9.1.201101281458,"org.pnml.tools.epnk.diagram",1429125954451
started,bundle,org.eclipse.uml2.diagram.activity,0.9.0.v200906190654,"org.eclipse.uml2.diagram.activity",1429125954496
started,bundle,org.eclipse.uml2.diagram.csd,0.9.0.v200906190654,"org.eclipse.uml2.diagram.csd",1429125954552
started,bundle,org.eclipse.uml2.diagram.statemachine,0.9.0.v200906190654,"org.eclipse.uml2.diagram.statemachine",1429125954559
started,bundle,org.eclipse.gmf.runtime.emf.ui,1.2.0.v20090403-1720,"org.eclipse.gmf.runtime.emf.ui",1429125954570
started,bundle,org.eclipse.uml2.diagram.parser,0.9.0.v200906190654,"org.eclipse.uml2.diagram.parser",1429125954613
started,bundle,org.eclipse.ocl,1.3.0.v200905271400,"org.eclipse.ocl",1429125954626
started,bundle,org.eclipse.ocl.ecore,1.3.0.v200905271400,"org.eclipse.ocl.ecore",1429125954632
started,bundle,org.eclipse.gmf.runtime.notation.edit,1.2.0.v20091021-2333,"org.eclipse.gmf.runtime.notation.edit",1429125954891
opened,editor,utn.frsf.cidisi.idemia.diagram,1.0.0.201011251812,"utn.frsf.cidisi.idemia.diagram.part.IdemiaDiagramEditorID",1429125955354
started,bundle,org.eclipse.gmf.runtime.emf.type.ui,1.2.0.v20090403-1720,"org.eclipse.gmf.runtime.emf.type.ui",1429125955401
activated,editor,utn.frsf.cidisi.idemia.diagram,1.0.0.201011251812,"utn.frsf.cidisi.idemia.diagram.part.IdemiaDiagramEditorID",1429125955452
activated,view,org.eclipse.jdt.ui,3.5.0.v20090604,"org.eclipse.jdt.ui.PackageExplorer",1429125960464
deactivated,workbench,org.eclipse.ui.workbench,3.5.0.I20090603-2000,"",1429125961802
activated,workbench,org.eclipse.ui.workbench,3.5.0.I20090603-2000,"",1429125994506
deactivated,workbench,org.eclipse.ui.workbench,3.5.0.I20090603-2000,"",1429126010842
activated,workbench,org.eclipse.ui.workbench,3.5.0.I20090603-2000,"",1429126031949
deactivated,workbench,org.eclipse.ui.workbench,3.5.0.I20090603-2000,"",1429126034103
activated,workbench,org.eclipse.ui.workbench,3.5.0.I20090603-2000,"",1429126099891
deactivated,workbench,org.eclipse.ui.workbench,3.5.0.I20090603-2000,"",1429126104732
activated,workbench,org.eclipse.ui.workbench,3.5.0.I20090603-2000,"",1429126167870
>>>>>>> origin/master
